{
"__comment": "Designed by the resident Inuit with BDcraft Cubik PRO 0.96 Beta - http://bdcraft.net",
"ambientocclusion": false,
"textures": {
    "particle": "biomesoplenty:blocks/bdc_fence_cherry_side",
    "texture": "biomesoplenty:blocks/bdc_gate01",
    "top": "biomesoplenty:blocks/bdc_fence_cherry_top"
},
"elements": [ 
{
    "__comment": "Left-hand post",
    "from": [ 7, 2, 0 ],
    "to": [ 9, 13, 2 ],
    "faces": {
        "down":  { "uv": [ 6, 6, 10, 10 ], "rotation": 180, "texture": "#top" },
        "up":    { "uv": [ 6, 6, 10, 10 ], "texture": "#top" },
        "north": { "uv": [ 14, 0, 16, 11 ], "texture": "#texture" },
        "south": { "uv": [ 14, 3.5, 16, 14.5 ], "texture": "#texture" },
        "west":  { "uv": [ 14, 0, 16, 11 ], "texture": "#texture", "cullface": "west" },
        "east":  { "uv": [ 14, 5, 16, 16 ], "texture": "#texture" }
    }
},
{
    "__comment": "Right-hand post",
    "from": [ 7, 2, 14 ],
    "to": [ 9, 13, 16 ],
    "faces": {
        "down":  { "uv": [ 6, 6, 10, 10 ], "rotation": 180, "texture": "#top" },
        "up":    { "uv": [ 6, 6, 10, 10 ], "texture": "#top" },
        "north": { "uv": [ 14, 5, 16, 16 ], "texture": "#texture" },
        "south": { "uv": [ 14, 2.5, 16, 13.5 ], "texture": "#texture" },
        "west":  { "uv": [ 14, 5, 16, 16 ], "texture": "#texture" },
        "east":  { "uv": [ 14, 0, 16, 11 ], "texture": "#texture", "cullface": "east" }
    }
},
{
    "__comment": "Inner vertical post of left-hand gate door",
    "from": [ 1, 3, 0 ],
    "to": [ 3, 12, 2 ],
    "faces": {
        "down":  { "uv": [ 6, 6, 10, 10 ], "rotation": 180, "texture": "#top" },
        "up":    { "uv": [ 6, 6, 10, 10 ], "texture": "#top" },
        "north": { "uv": [ 14, 1.5, 16, 10.5 ], "texture": "#texture" },
        "south": { "uv": [ 14, 7, 16, 16 ], "texture": "#texture" },
        "west":  { "uv": [ 14, 0, 16, 9 ], "texture": "#texture" },
        "east":  { "uv": [ 14, 4, 16, 13 ], "texture": "#texture" }
    }
},
{
    "__comment": "Inner vertical post of right-hand gate door",
    "from": [ 1, 3, 14 ],
    "to": [ 3, 12, 16 ],
    "faces": {
        "down":  { "uv": [ 6, 6, 10, 10 ], "rotation": 180, "texture": "#top" },
        "up":    { "uv": [ 6, 6, 10, 10 ], "texture": "#top" },
        "north": { "uv": [ 14, 4.5, 16, 13.5 ], "texture": "#texture" },
        "south": { "uv": [ 14, 2, 16, 11 ], "texture": "#texture" },
        "west":  { "uv": [ 14, 1, 16, 10 ], "texture": "#texture" },
        "east":  { "uv": [ 14, 7, 16, 16 ], "texture": "#texture" }
    }
},
{
    "__comment": "Lower horizontal bar of left-hand gate door",
    "from": [ 3, 3, 0 ],
    "to": [ 7, 6, 2 ],
    "faces": {
        "down":  { "uv": [ 7, 1, 9, 5 ], "rotation": 270, "texture": "#top" },
        "up":    { "uv": [ 7, 1, 9, 5 ], "rotation": 90, "texture": "#top" },
        "north": { "uv": [ 0, 3, 4, 6 ], "texture": "#texture" },
        "south": { "uv": [ 0, 0, 4, 3 ], "texture": "#texture" }
    }
},
{
    "__comment": "Upper horizontal bar of left-hand gate door",
    "from": [ 3, 9, 0 ],
    "to": [ 7, 12, 2 ],
    "faces": {
        "down":  { "uv": [ 7, 11, 9, 15 ], "rotation": 270, "texture": "#top" },
        "up":    { "uv": [ 7, 11, 9, 15 ], "rotation": 90, "texture": "#top" },
        "north": { "uv": [ 0, 0, 4, 3 ], "texture": "#texture" },
        "south": { "uv": [ 0, 3, 4, 6 ], "texture": "#texture" }
    }
},
{
    "__comment": "Lower horizontal bar of left-hand gate door",
    "from": [ 3, 3, 14 ],
    "to": [ 7, 6, 16 ],
    "faces": {
        "down":  { "uv": [ 7, 11, 9, 15 ], "rotation": 270, "texture": "#top" },
        "up":    { "uv": [ 7, 11, 9, 15 ], "rotation": 90, "texture": "#top" },
        "north": { "uv": [ 0, 0, 4, 3 ], "texture": "#texture" },
        "south": { "uv": [ 0, 3, 4, 6 ], "texture": "#texture" }
    }
},
{
    "__comment": "Upper horizontal bar of left-hand gate door",
    "from": [ 3, 9, 14 ],
    "to": [ 7, 12, 16 ],
    "faces": {
        "down":  { "uv": [ 7, 1, 9, 5 ], "rotation": 270, "texture": "#top" },
        "up":    { "uv": [ 7, 1, 9, 5 ], "rotation": 90, "texture": "#top" },
        "north": { "uv": [ 0, 0, 4, 3 ], "texture": "#texture" },
        "south": { "uv": [ 0, 3, 4, 6 ], "texture": "#texture" }
    }
}
]
}