{   "parent": "block/block",
    "display": {
        "gui": {
            "rotation": [ 30, 45, 0 ],
            "translation": [ 0, -1, 0],
            "scale":[ 0.8, 0.8, 0.8 ]
        },
        "head": {
            "rotation": [ 0, 0, 0 ],
            "translation": [ 0, -3, -6],
            "scale":[ 1, 1, 1]
        },
		"firstperson_righthand": {
			"rotation": [ 0, -45, 0 ],
			"translation": [ 0, 0, 0 ],
			"scale": [ 0.40, 0.40, 0.40 ]
		},
		"thirdperson_righthand": {
			"rotation": [ 75, -45, 0 ],
			"translation": [ 0, 2, 0],
			"scale": [ 0.375, 0.375, 0.375 ]
		}
    }
}
