{
	"__comment": "Designed by the resident Inuit with BDcraft Cubik PRO 0.96 Beta - http://bdcraft.net",
	"parent": "block/block",
	"ambientocclusion": false,
	"textures": {
		"particle": "biomesoplenty:blocks/bdc_fence_jacaranda_side",
                "texture": "biomesoplenty:blocks/bdc_gate02",
                "top": "biomesoplenty:blocks/bdc_fence_jacaranda_top"
	},
	"elements": [
		{
			"__comment": "Left-hand post",
			"from": [ 7, 2, 14 ],
			"to": [ 9, 13, 16 ],
 
			"faces": {
				"down": { "uv": [ 6, 6, 10, 10 ], "texture": "#top", "rotation": 180 },
				"up": { "uv": [ 6, 6, 10, 10 ], "texture": "#top" },
				"north": { "uv": [ 10, 3.5, 12, 14.5 ], "texture": "#texture" },
				"south": { "uv": [ 10, 0, 12, 11 ], "texture": "#texture" },
				"west": { "uv": [ 10, 5, 12, 16 ], "texture": "#texture", "cullface": "west" },
				"east": { "uv": [ 10, 0, 12, 11 ], "texture": "#texture" }
			}
		},
		{
			"__comment": "Right-hand post",
			"from": [ 7, 2, 0 ],
			"to": [ 9, 13, 2 ],
 
			"faces": {
				"down": { "uv": [ 6, 6, 10, 10 ], "texture": "#top", "rotation": 180 },
				"up": { "uv": [ 6, 6, 10, 10 ], "texture": "#top" },
				"north": { "uv": [ 10, 2.5, 12, 13.5 ], "texture": "#texture" },
				"south": { "uv": [ 10, 5, 12, 16 ], "texture": "#texture" },
				"west": { "uv": [ 10, 0, 12, 11 ], "texture": "#texture" },
				"east": { "uv": [ 10, 5, 12, 16 ], "texture": "#texture", "cullface": "east" }
			}
		},
		{
			"__comment": "Inner vertical post of left-hand gate door",
			"from": [ 13, 3, 14 ],
			"to": [ 15, 12, 16 ],
 
			"faces": {
				"down": { "uv": [ 6, 6, 10, 10 ], "texture": "#top", "rotation": 180 },
				"up": { "uv": [ 6, 6, 10, 10 ], "texture": "#top" },
				"north": { "uv": [ 10, 7, 12, 16 ], "texture": "#texture" },
				"south": { "uv": [ 10, 1.5, 12, 10.5 ], "texture": "#texture" },
				"west": { "uv": [ 10, 4, 12, 13 ], "texture": "#texture" },
				"east": { "uv": [ 10, 0, 12, 9 ], "texture": "#texture" }
			}
		},
		{
			"__comment": "Inner vertical post of right-hand gate door",
			"from": [ 13, 3, 0 ],
			"to": [ 15, 12, 2 ],
 
			"faces": {
				"down": { "uv": [ 6, 6, 10, 10 ], "texture": "#top", "rotation": 180 },
				"up": { "uv": [ 6, 6, 10, 10 ], "texture": "#top" },
				"north": { "uv": [ 10, 2, 12, 11 ], "texture": "#texture" },
				"south": { "uv": [ 10, 4.5, 12, 13.5 ], "texture": "#texture" },
				"west": { "uv": [ 10, 7, 12, 16 ], "texture": "#texture" },
				"east": { "uv": [ 10, 1, 12, 10 ], "texture": "#texture" }
			}
		},
		{
			"__comment": "Lower horizontal bar of left-hand gate door",
			"from": [ 9, 3, 14 ],
			"to": [ 13, 6, 16 ],
 
			"faces": {
				"down": { "uv": [ 9, 1, 7, 5 ], "texture": "#top", "rotation": 90 },
				"up": { "uv": [ 9, 1, 7, 5 ], "texture": "#top", "rotation": 270 },
				"north": { "uv": [ 0, 8, 4, 11 ], "texture": "#texture" },
				"south": { "uv": [ 0, 11, 4, 14 ], "texture": "#texture" }
			}
		},
		{
			"__comment": "Upper horizontal bar of left-hand gate door",
			"from": [ 9, 9, 14 ],
			"to": [ 13, 12, 16 ],
 
			"faces": {
				"down": { "uv": [ 9, 11, 7, 15 ], "texture": "#top", "rotation": 90 },
				"up": { "uv": [ 9, 11, 7, 15 ], "texture": "#top", "rotation": 270 },
				"north": { "uv": [ 0, 11, 4, 14 ], "texture": "#texture" },
				"south": { "uv": [ 0, 8, 4, 11 ], "texture": "#texture" }
			}
		},
		{
			"__comment": "Lower horizontal bar of left-hand gate door",
			"from": [ 9, 3, 0 ],
			"to": [ 13, 6, 2 ],
 
			"faces": {
				"down": { "uv": [ 9, 11, 7, 15 ], "texture": "#top", "rotation": 90 },
				"up": { "uv": [ 9, 11, 7, 15 ], "texture": "#top", "rotation": 270 },
				"north": { "uv": [ 0, 11, 4, 14 ], "texture": "#texture" },
				"south": { "uv": [ 0, 8, 4, 11 ], "texture": "#texture" }
			}
		},
		{
			"__comment": "Upper horizontal bar of left-hand gate door",
			"from": [ 9, 9, 0 ],
			"to": [ 13, 12, 2 ],
 
			"faces": {
				"down": { "uv": [ 9, 1, 7, 5 ], "texture": "#top", "rotation": 90 },
				"up": { "uv": [ 9, 1, 7, 5 ], "texture": "#top", "rotation": 270 },
				"north": { "uv": [ 0, 11, 4, 14 ], "texture": "#texture" },
				"south": { "uv": [ 0, 8, 4, 11 ], "texture": "#texture" }
			}
		}
	]
}