{
"textures": {
    "particle": "biomesoplenty:blocks/bdc_fence_mahogany_side",
    "texture": "biomesoplenty:blocks/bdc_gate03",
    "top": "biomesoplenty:blocks/bdc_fence_mahogany_top"
},
"elements": [ 
{
    "__comment": "Left-hand post",
    "from": [ 0, 2, 7 ],
    "to": [ 2, 13, 9 ],
    "faces": {
        "down":  { "uv": [ 6, 6, 10, 10 ], "texture": "#top" },
        "up":    { "uv": [ 6, 6, 10, 10 ], "texture": "#top" },
        "north": { "uv": [ 14, 1.5, 16, 12.5 ], "texture": "#texture" },
        "south": { "uv": [ 14, 0, 16, 11 ], "texture": "#texture" },
        "west":  { "uv": [ 14, 5, 16, 16 ], "texture": "#texture", "cullface": "west" },
        "east":  { "uv": [ 14, 5, 16, 16 ], "texture": "#texture" }
    }
},
{
    "__comment": "Right-hand post",
    "from": [ 14, 2, 7 ],
    "to": [ 16, 13, 9 ],
    "faces": {
        "down":  { "uv": [ 6, 6, 10, 10 ], "texture": "#top" },
        "up":    { "uv": [ 6, 6, 10, 10 ], "texture": "#top" },
        "north": { "uv": [ 14, 0, 16, 11 ], "texture": "#texture" },
        "south": { "uv": [ 14, 0, 16, 11 ], "texture": "#texture" },
        "west":  { "uv": [ 14, 0, 16, 11 ], "texture": "#texture" },
        "east":  { "uv": [ 14, 5, 16, 16 ], "texture": "#texture", "cullface": "east" }
    }
},
{
    "__comment": "Inner vertical post of left-hand gate door",
    "from": [ 6, 3, 7 ],
    "to": [ 8, 12, 9 ],
    "faces": {
        "down":  { "uv": [ 6, 6, 10, 10 ], "texture": "#top" },
        "up":    { "uv": [ 6, 6, 10, 10 ], "texture": "#top" },
        "north": { "uv": [ 14, 0, 16, 9 ], "texture": "#texture" },
        "south": { "uv": [ 14, 2, 16, 11 ], "texture": "#texture" },
        "west":  { "uv": [ 14, 7, 16, 16 ], "texture": "#texture" },
        "east":  { "uv": [ 14, 7, 16, 16 ], "texture": "#texture" }
    }
},
{
    "__comment": "Inner vertical post of right-hand gate door",
    "from": [ 8, 3, 7 ],
    "to": [ 10, 12, 9 ],
    "faces": {
        "down":  { "uv": [ 6, 6, 10, 10 ], "texture": "#top" },
        "up":    { "uv": [ 6, 6, 10, 10 ], "texture": "#top" },
        "north": { "uv": [ 14, 0, 16, 9 ], "texture": "#texture" },
        "south": { "uv": [ 14, 7, 16, 16 ], "texture": "#texture" },
        "west":  { "uv": [ 14, 3.5, 16, 12.5 ], "texture": "#texture" },
        "east":  { "uv": [ 14, 5.5, 16, 14.5 ], "texture": "#texture" }
    }
},
{
    "__comment": "Lower horizontal bar of left-hand gate door",
    "from": [ 2, 3, 7 ],
    "to": [ 6, 6, 9 ],
    "faces": {
        "down":  { "uv": [ 1, 7, 5, 9 ], "texture": "#top" },
        "up":    { "uv": [ 1, 7, 5, 9 ], "texture": "#top" },
        "north": { "uv": [ 0, 0, 4, 3 ], "texture": "#texture" },
        "south": { "uv": [ 0, 3, 4, 6 ], "texture": "#texture" }
    }
},
{
    "__comment": "Upper horizontal bar of left-hand gate door",
    "from": [ 2, 9, 7 ],
    "to": [ 6, 12, 9 ],
    "faces": {
        "down":  { "uv": [ 0, 7, 4, 9 ], "texture": "#top" },
        "up":    { "uv": [ 0, 7, 4, 9 ], "texture": "#top" },
        "north": { "uv": [ 0, 3, 4, 6 ], "texture": "#texture" },
        "south": { "uv": [ 0, 0, 4, 3 ], "texture": "#texture" }
    }
},
{
    "__comment": "Lower horizontal bar of right-hand gate door",
    "from": [ 10, 3, 7 ],
    "to": [ 14, 6, 9 ],
    "faces": {
        "down":  { "uv": [ 11, 7, 15, 9 ], "texture": "#top" },
        "up":    { "uv": [ 11, 7, 15, 9 ], "texture": "#top" },
        "north": { "uv": [ 0, 0, 4, 3 ], "texture": "#texture" },
        "south": { "uv": [ 0, 3, 4, 6 ], "texture": "#texture" }
    }
},
{
    "__comment": "Upper horizontal bar of right-hand gate door",
    "from": [ 10, 9, 7 ],
    "to": [ 14, 12, 9 ],
    "faces": {
        "down":  { "uv": [ 11.5, 7, 15.5, 9 ], "texture": "#top" },
        "up":    { "uv": [ 11.5, 7, 15.5, 9 ], "texture": "#top" },
        "north": { "uv": [ 0, 0, 4, 3 ], "texture": "#texture" },
        "south": { "uv": [ 0, 3, 4, 6 ], "texture": "#texture" }
    }
}
]
}