{
	"__comment": "Designed by HanFox with BDcraft Cubik Pro - http://bdcraft.net",
	"parent": "block/block",
	"ambientocclusion": false,
	"textures": {
		"crossbar": "biomesoplenty:blocks/bdc_fence_crossbar7"
	},
	"elements": [
		{
			"__comment": "top bar",
			"from": [ 7, 12, 10 ],
			"to": [ 9, 15, 16 ],
			"faces": {
				"down": { "uv": [ 6, 10, 8, 12 ], "texture": "#crossbar" },
				"up": { "uv": [ 8, 6, 10, 12 ], "texture": "#crossbar" },
				"west": { "uv": [ 10, 6, 16, 9 ], "texture": "#crossbar" },
				"east": { "uv": [ 0, 6, 6, 9 ], "texture": "#crossbar" }
			}
		},
		{
			"__comment": "lower bar",
			"from": [ 7, 6, 10 ],
			"to": [ 9, 9, 16 ],
			"faces": {
				"down": { "uv": [ 6, 10, 8, 12 ], "texture": "#crossbar" },
				"up": { "uv": [ 8, 6, 10, 12 ], "texture": "#crossbar" },
				"west": { "uv": [ 10, 9, 16, 12 ], "texture": "#crossbar" },
				"east": { "uv": [ 0, 9, 6, 12 ], "texture": "#crossbar" }
			}
		}
	]
}