{
	"__comment": "Designed by the resident Inuit with BDcraft Cubik PRO 0.96 Beta - http://bdcraft.net",
	"parent": "block/block",
	"ambientocclusion": false,
	"textures": {
		"particle": "Biomesoplenty:blocks/bdc_fence_sacred_oak_side",
                "texture": "Biomesoplenty:blocks/bdc_gate04",
                "top": "Biomesoplenty:blocks/bdc_fence_sacred_oak_top"
	},
	"elements": [
		{
			"__comment": "Left-hand post",
			"from": [ 0, 2, 7 ],
			"to": [ 2, 13, 9 ],

			"faces": {
				"down": { "uv": [ 6, 6, 10, 10 ], "texture": "#top" },
				"up": { "uv": [ 6, 6, 10, 10 ], "texture": "#top" },
				"north": { "uv": [ 12, 1.5, 14, 12.5 ], "texture": "#texture" },
				"south": { "uv": [ 12, 0, 14, 11 ], "texture": "#texture" },
				"west": { "uv": [ 12, 5, 14, 16 ], "texture": "#texture", "cullface": "west" },
				"east": { "uv": [ 12, 5, 14, 16 ], "texture": "#texture" }
			}
		},
		{
			"__comment": "Right-hand post",
			"from": [ 14, 2, 7 ],
			"to": [ 16, 13, 9 ],

			"faces": {
				"down": { "uv": [ 6, 6, 10, 10 ], "texture": "#top" },
				"up": { "uv": [ 6, 6, 10, 10 ], "texture": "#top" },
				"north": { "uv": [ 12, 0, 14, 11 ], "texture": "#texture" },
				"south": { "uv": [ 12, 0, 14, 11 ], "texture": "#texture" },
				"west": { "uv": [ 12, 0, 14, 11 ], "texture": "#texture" },
				"east": { "uv": [ 12, 5, 14, 16 ], "texture": "#texture", "cullface": "east" }
			}
		},
		{
			"__comment": "Inner vertical post of left-hand gate door",
			"from": [ 6, 3, 7 ],
			"to": [ 8, 12, 9 ],

			"faces": {
				"down": { "uv": [ 6, 6, 10, 10 ], "texture": "#top" },
				"up": { "uv": [ 6, 6, 10, 10 ], "texture": "#top" },
				"north": { "uv": [ 12, 0, 14, 9 ], "texture": "#texture" },
				"south": { "uv": [ 12, 2, 14, 11 ], "texture": "#texture" },
				"west": { "uv": [ 12, 7, 14, 16 ], "texture": "#texture" },
				"east": { "uv": [ 12, 7, 14, 16 ], "texture": "#texture" }
			}
		},
		{
			"__comment": "Inner vertical post of right-hand gate door",
			"from": [ 8, 3, 7 ],
			"to": [ 10, 12, 9 ],

			"faces": {
				"down": { "uv": [ 6, 6, 10, 10 ], "texture": "#top" },
				"up": { "uv": [ 6, 6, 10, 10 ], "texture": "#top" },
				"north": { "uv": [ 12, 0, 14, 9 ], "texture": "#texture" },
				"south": { "uv": [ 12, 7, 14, 16 ], "texture": "#texture" },
				"west": { "uv": [ 12, 3.5, 14, 12.5 ], "texture": "#texture" },
				"east": { "uv": [ 12, 5.5, 14, 14.5 ], "texture": "#texture" }
			}
		},
		{
			"__comment": "Lower horizontal bar of left-hand gate door",
			"from": [ 2, 3, 7 ],
			"to": [ 6, 6, 9 ],

			"faces": {
				"down": { "uv": [ 1, 7, 5, 9 ], "texture": "#top" },
				"up": { "uv": [ 1, 7, 5, 9 ], "texture": "#top" },
				"north": { "uv": [ 4, 0, 8, 3 ], "texture": "#texture" },
				"south": { "uv": [ 4, 3, 8, 6 ], "texture": "#texture" }
			}
		},
		{
			"__comment": "Upper horizontal bar of left-hand gate door",
			"from": [ 2, 9, 7 ],
			"to": [ 6, 12, 9 ],

			"faces": {
				"down": { "uv": [ 0, 7, 4, 9 ], "texture": "#top" },
				"up": { "uv": [ 0, 7, 4, 9 ], "texture": "#top" },
				"north": { "uv": [ 4, 3, 8, 6 ], "texture": "#texture" },
				"south": { "uv": [ 4, 0, 8, 3 ], "texture": "#texture" }
			}
		},
		{
			"__comment": "Lower horizontal bar of right-hand gate door",
			"from": [ 10, 3, 7 ],
			"to": [ 14, 6, 9 ],

			"faces": {
				"down": { "uv": [ 11, 7, 15, 9 ], "texture": "#top" },
				"up": { "uv": [ 11, 7, 15, 9 ], "texture": "#top" },
				"north": { "uv": [ 4, 0, 8, 3 ], "texture": "#texture" },
				"south": { "uv": [ 4, 3, 8, 6 ], "texture": "#texture" }
			}
		},
		{
			"__comment": "Upper horizontal bar of right-hand gate door",
			"from": [ 10, 9, 7 ],
			"to": [ 14, 12, 9 ],

			"faces": {
				"down": { "uv": [ 11.5, 7, 15.5, 9 ], "texture": "#top" },
				"up": { "uv": [ 11.5, 7, 15.5, 9 ], "texture": "#top" },
				"north": { "uv": [ 4, 0, 8, 3 ], "texture": "#texture" },
				"south": { "uv": [ 4, 3, 8, 6 ], "texture": "#texture" }
			}
		}
	]
}