{
	"__comment": "Designed by the resident Inuit with BDcraft Cubik PRO 0.96 Beta - http://bdcraft.net",
	"parent": "block/block",
	"ambientocclusion": false,
	"textures": {
		"particle": "biomesoplenty:blocks/bdc_fence_umbran_side",
    		"texture": "biomesoplenty:blocks/bdc_gate04",
   	        "top": "biomesoplenty:blocks/bdc_fence_umbran_top"
	},
	"elements": [
		{
			"__comment": "Left-hand post",
			"from": [ 0, 2, 7 ],
			"to": [ 2, 13, 9 ],
 
			"faces": {
				"down": { "uv": [ 6, 6, 10, 10 ], "texture": "#top" },
				"up": { "uv": [ 6, 6, 10, 10 ], "texture": "#top" },
				"north": { "uv": [ 10, 5, 12, 16 ], "texture": "#texture" },
				"south": { "uv": [ 10, 0, 12, 11 ], "texture": "#texture" },
				"west": { "uv": [ 10, 0, 12, 11 ], "texture": "#texture", "cullface": "west" },
				"east": { "uv": [ 10, 3.5, 12, 14.5 ], "texture": "#texture" }
			}
		},
		{
			"__comment": "Right-hand post",
			"from": [ 14, 2, 7 ],
			"to": [ 16, 13, 9 ],
 
			"faces": {
				"down": { "uv": [ 6, 6, 10, 10 ], "texture": "#top" },
				"up": { "uv": [ 6, 6, 10, 10 ], "texture": "#top" },
				"north": { "uv": [ 10, 0, 12, 11 ], "texture": "#texture" },
				"south": { "uv": [ 10, 5, 12, 16 ], "texture": "#texture" },
				"west": { "uv": [ 10, 5, 12, 16 ], "texture": "#texture" },
				"east": { "uv": [ 10, 2.5, 12, 13.5 ], "texture": "#texture", "cullface": "east" }
			}
		},
		{
			"__comment": "Inner vertical post of left-hand gate door",
			"from": [ 0, 3, 13 ],
			"to": [ 2, 12, 15 ],
 
			"faces": {
				"down": { "uv": [ 6, 6, 10, 10 ], "texture": "#top" },
				"up": { "uv": [ 6, 6, 10, 10 ], "texture": "#top" },
				"north": { "uv": [ 10, 4, 12, 13 ], "texture": "#texture" },
				"south": { "uv": [ 10, 0, 12, 9 ], "texture": "#texture" },
				"west": { "uv": [ 10, 1.5, 12, 10.5 ], "texture": "#texture" },
				"east": { "uv": [ 10, 7, 12, 16 ], "texture": "#texture" }
			}
		},
		{
			"__comment": "Inner vertical post of right-hand gate door",
			"from": [ 14, 3, 13 ],
			"to": [ 16, 12, 15 ],
 
			"faces": {
				"down": { "uv": [ 6, 6, 10, 10 ], "texture": "#top" },
				"up": { "uv": [ 6, 6, 10, 10 ], "texture": "#top" },
				"north": { "uv": [ 10, 7, 12, 16 ], "texture": "#texture" },
				"south": { "uv": [ 10, 1, 12, 10 ], "texture": "#texture" },
				"west": { "uv": [ 10, 4.5, 12, 13.5 ], "texture": "#texture" },
				"east": { "uv": [ 10, 2, 12, 11 ], "texture": "#texture" }
			}
		},
		{
			"__comment": "Lower horizontal bar of left-hand gate door",
			"from": [ 0, 3, 9 ],
			"to": [ 2, 6, 13 ],
 
			"faces": {
				"down": { "uv": [ 7, 1, 9, 5 ], "texture": "#top" },
				"up": { "uv": [ 7, 1, 9, 5 ], "texture": "#top" },
				"west": { "uv": [ 0, 11, 4, 14 ], "texture": "#texture" },
				"east": { "uv": [ 0, 8, 4, 11 ], "texture": "#texture" }
			}
		},
		{
			"__comment": "Upper horizontal bar of left-hand gate door",
			"from": [ 0, 9, 9 ],
			"to": [ 2, 12, 13 ],
 
			"faces": {
				"down": { "uv": [ 7, 11, 9, 15 ], "texture": "#top" },
				"up": { "uv": [ 7, 11, 9, 15 ], "texture": "#top" },
				"west": { "uv": [ 0, 8, 4, 11 ], "texture": "#texture" },
				"east": { "uv": [ 0, 11, 4, 14 ], "texture": "#texture" }
			}
		},
		{
			"__comment": "Lower horizontal bar of left-hand gate door",
			"from": [ 14, 3, 9 ],
			"to": [ 16, 6, 13 ],
 
			"faces": {
				"down": { "uv": [ 7, 11, 9, 15 ], "texture": "#top" },
				"up": { "uv": [ 7, 11, 9, 15 ], "texture": "#top" },
				"west": { "uv": [ 0, 8, 4, 11 ], "texture": "#texture" },
				"east": { "uv": [ 0, 11, 4, 14 ], "texture": "#texture" }
			}
		},
		{
			"__comment": "Upper horizontal bar of left-hand gate door",
			"from": [ 14, 9, 9 ],
			"to": [ 16, 12, 13 ],
 
			"faces": {
				"down": { "uv": [ 7, 1, 9, 5 ], "texture": "#top" },
				"up": { "uv": [ 7, 1, 9, 5 ], "texture": "#top" },
				"west": { "uv": [ 0, 8, 4, 11 ], "texture": "#texture" },
				"east": { "uv": [ 0, 11, 4, 14 ], "texture": "#texture" }
			}
		}
	]
}