{
	"__comment": "Model by HanFox",
	"textures": {
		"minecart": "items/minecart_normal",
		"stone": "blocks/stone",
		"brick": "blocks/brick",
		"gravel": "blocks/gravel",
		"cobblestone": "blocks/cobblestone"
	},
	"elements": [ 	 
		{
			"__comment": "Element",
			"from": [ 0.5, -2, -1.5 ],
			"to": [ 15.5, -1, 17.5 ],
			"faces": {
				"down": { "uv": [ 0, 8, 10, 16 ], "texture": "#minecart", "rotation": 90 },
				"up": { "uv": [ 0.5, 8.5, 9.5, 15.5 ], "texture": "#minecart", "rotation": 90 },
				"north": { "uv": [ 9, 0, 9.5, 0.5 ], "texture": "#minecart" },
				"south": { "uv": [ 9, 0, 9.5, 0.5 ], "texture": "#minecart" },
				"west": { "uv": [ 9, 0, 9.5, 0.5 ], "texture": "#minecart" },
				"east": { "uv": [ 9, 0, 9.5, 0.5 ], "texture": "#minecart" }
			}
		},
		{
			"__comment": "Element",
			"from": [ 0, -1, 0 ],
			"to": [ 2, 7, 16 ],
			"faces": {
				"down": { "uv": [ 9, 0, 9.25, 0.25 ], "texture": "#minecart" },
				"up": { "uv": [ 1, 0, 1.5, 1 ], "texture": "#minecart", "rotation": 270 },
				"west": { "uv": [ 1, 4, 9, 8 ], "texture": "#minecart" },
				"east": { "uv": [ 1, 0, 9, 4 ], "texture": "#minecart" }
			}
		},
		{
			"__comment": "Element",
			"from": [ 14, -1, 0 ],
			"to": [ 16, 7, 16 ],
			"faces": {
				"down": { "uv": [ 9, 0, 9.25, 0.25 ], "texture": "#minecart" },
				"up": { "uv": [ 1, 0, 1.5, 1 ], "texture": "#minecart", "rotation": 90 },
				"west": { "uv": [ 1, 0, 9, 4 ], "texture": "#minecart" },
				"east": { "uv": [ 1, 4, 9, 8 ], "texture": "#minecart" }
			}
		},
		{
			"__comment": "Element",
			"from": [ 0, -1, -2 ],
			"to": [ 16, 7, 0 ],
			"faces": {
				"down": { "uv": [ 9, 0, 9.25, 0.25 ], "texture": "#minecart" },
				"up": { "uv": [ 1.5, 0, 2, 1 ], "texture": "#minecart" },
				"north": { "uv": [ 1, 4, 9, 8 ], "texture": "#minecart" },
				"south": { "uv": [ 1, 0, 9, 4 ], "texture": "#minecart" },
				"west": { "uv": [ 0, 4, 1, 8 ], "texture": "#minecart" },
				"east": { "uv": [ 0, 4, 1, 8 ], "texture": "#minecart" }
			}
		},
		{
			"__comment": "Element",
			"from": [ 0, -1, 16 ],
			"to": [ 16, 7, 18.5 ],
			"faces": {
				"down": { "uv": [ 9, 0, 9.25, 0.25 ], "texture": "#minecart" },
				"up": { "uv": [ 1.5, 0, 2, 1 ], "texture": "#minecart", "rotation": 180 },
				"north": { "uv": [ 1, 0, 9, 4 ], "texture": "#minecart" },
				"south": { "uv": [ 1, 4, 9, 8 ], "texture": "#minecart" },
				"west": { "uv": [ 0, 4, 1, 8 ], "texture": "#minecart" },
				"east": { "uv": [ 0, 4, 1, 8 ], "texture": "#minecart" }
			}
		},
		{
			"__comment": "Element",
			"from": [ 0.25, -3, 0 ],
			"to": [ 15.75, -1, 16 ],
			"faces": {
				"west": { "uv": [ 9, 0.5, 16, 1.5 ], "texture": "#minecart" },
				"east": { "uv": [ 9, 0.5, 16, 1.5 ], "texture": "#minecart" }
			}
		},
		{
			"__comment": "Block",
			"from": [ 2, 0, 1.5 ],
			"to": [ 8, 6, 7.5 ],
			"faces": {
				"up": { "uv": [ 0, 0, 16, 16 ], "texture": "#stone" },
				"north": { "uv": [ 0, 0, 16, 16 ], "texture": "#stone" },
				"south": { "uv": [ 0, 0, 16, 16 ], "texture": "#stone" },
				"west": { "uv": [ 0, 0, 16, 16 ], "texture": "#stone" },
				"east": { "uv": [ 0, 0, 16, 16 ], "texture": "#stone" }
			}
		},
		{
			"__comment": "Block",
			"from": [ 7.25, 6.5, 2.375 ],
			"to": [ 13.25, 12.5, 8.375 ],
			"rotation": { "origin": [ 7.25, 6.5, 2.375 ], "axis": "z", "angle": -22.5 },
			"faces": {
				"down": { "uv": [ 0, 0, 16, 16 ], "texture": "#brick" },
				"up": { "uv": [ 0, 0, 16, 16 ], "texture": "#brick" },
				"north": { "uv": [ 0, 0, 16, 16 ], "texture": "#brick" },
				"south": { "uv": [ 0, 0, 16, 16 ], "texture": "#brick" },
				"west": { "uv": [ 0, 0, 16, 16 ], "texture": "#brick" },
				"east": { "uv": [ 0, 0, 16, 16 ], "texture": "#brick" }
			}
		},
		{
			"__comment": "Block",
			"from": [ 6.5, 0, 8.5 ],
			"to": [ 12.5, 6, 14.5 ],
			"faces": {
				"up": { "uv": [ 0, 0, 16, 16 ], "texture": "#gravel" },
				"north": { "uv": [ 0, 0, 16, 16 ], "texture": "#gravel" },
				"south": { "uv": [ 0, 0, 16, 16 ], "texture": "#gravel" },
				"west": { "uv": [ 0, 0, 16, 16 ], "texture": "#gravel" },
				"east": { "uv": [ 0, 0, 16, 16 ], "texture": "#gravel" }
			}
		},
		{
			"__comment": "Block",
			"from": [ 4.875, 4.25, 9.5 ],
			"to": [ 10.875, 10.25, 15.5 ],
			"rotation": { "origin": [ 4.875, 4.25, 9.5 ], "axis": "z", "angle": 45 },
			"faces": {
				"down": { "uv": [ 0, 0, 16, 16 ], "texture": "#cobblestone" },
				"up": { "uv": [ 0, 0, 16, 16 ], "texture": "#cobblestone" },
				"north": { "uv": [ 0, 0, 16, 16 ], "texture": "#cobblestone" },
				"south": { "uv": [ 0, 0, 16, 16 ], "texture": "#cobblestone" },
				"west": { "uv": [ 0, 0, 16, 16 ], "texture": "#cobblestone" },
				"east": { "uv": [ 0, 0, 16, 16 ], "texture": "#cobblestone" }
			}
		}
	],
	"display": {
		"thirdperson_righthand": {
			"rotation":  [ 75, -135, 0 ],
			"translation":  [ 0, 2.5, 0 ],
			"scale":  [ 0.375, 0.375, 0.375 ]
		},
		"firstperson_righthand": {
			"rotation":  [ 0, -135, 0 ],
			"translation":  [ 0, 1, 0 ],
			"scale":  [ 0.4, 0.4, 0.4 ]
		},
		"gui": {
			"rotation":  [ 35, -45, 0 ],
			"translation":  [ 0, 1, 0 ],
			"scale":  [ 0.55, 0.55, 0.55 ]
		},
		"ground": {
			"translation":  [ 0, 3, 0 ],
			"scale":  [ 0.25, 0.25, 0.25 ]
		},
		"fixed": {
			"rotation":  [ 0, 90, 0 ],
			"scale":  [ 0.5, 0.5, 0.5 ]
		}
	}
}