{
	"__comment": "Model by HanFox",
	"textures": {
		"minecart": "items/minecart_normal",
		"record_top": "blocks/jukebox_top_norecord",
		"noteblock": "blocks/noteblock"
	},
	"elements": [ 	 
		{
			"from": [ 0.5, -2, -1.5 ],
			"to": [ 15.5, -1, 17.5 ],
			"faces": {
				"down": { "uv": [ 0, 8, 10, 16 ], "texture": "#minecart", "rotation": 90 },
				"up": { "uv": [ 0.5, 8.5, 9.5, 15.5 ], "texture": "#minecart", "rotation": 90 },
				"north": { "uv": [ 9, 0, 9.5, 0.5 ], "texture": "#minecart" },
				"south": { "uv": [ 9, 0, 9.5, 0.5 ], "texture": "#minecart" },
				"west": { "uv": [ 9, 0, 9.5, 0.5 ], "texture": "#minecart" },
				"east": { "uv": [ 9, 0, 9.5, 0.5 ], "texture": "#minecart" }
			}
		},
		{
			"from": [ 0, -1, 0 ],
			"to": [ 2, 7, 16 ],
			"faces": {
				"down": { "uv": [ 9, 0, 9.25, 0.25 ], "texture": "#minecart" },
				"up": { "uv": [ 1, 0, 1.5, 1 ], "texture": "#minecart", "rotation": 270 },
				"west": { "uv": [ 1, 4, 9, 8 ], "texture": "#minecart" },
				"east": { "uv": [ 1, 0, 9, 4 ], "texture": "#minecart" }
			}
		},
		{
			"from": [ 14, -1, 0 ],
			"to": [ 16, 7, 16 ],
			"faces": {
				"down": { "uv": [ 9, 0, 9.25, 0.25 ], "texture": "#minecart" },
				"up": { "uv": [ 1, 0, 1.5, 1 ], "texture": "#minecart", "rotation": 90 },
				"west": { "uv": [ 1, 0, 9, 4 ], "texture": "#minecart" },
				"east": { "uv": [ 1, 4, 9, 8 ], "texture": "#minecart" }
			}
		},
		{
			"from": [ 0, -1, -2 ],
			"to": [ 16, 7, 0 ],
			"faces": {
				"down": { "uv": [ 9, 0, 9.25, 0.25 ], "texture": "#minecart" },
				"up": { "uv": [ 1.5, 0, 2, 1 ], "texture": "#minecart" },
				"north": { "uv": [ 1, 4, 9, 8 ], "texture": "#minecart" },
				"south": { "uv": [ 1, 0, 9, 4 ], "texture": "#minecart" },
				"west": { "uv": [ 0, 4, 1, 8 ], "texture": "#minecart" },
				"east": { "uv": [ 0, 4, 1, 8 ], "texture": "#minecart" }
			}
		},
		{
			"from": [ 0, -1, 16 ],
			"to": [ 16, 7, 18.5 ],
			"faces": {
				"down": { "uv": [ 9, 0, 9.25, 0.25 ], "texture": "#minecart" },
				"up": { "uv": [ 1.5, 0, 2, 1 ], "texture": "#minecart", "rotation": 180 },
				"north": { "uv": [ 1, 0, 9, 4 ], "texture": "#minecart" },
				"south": { "uv": [ 1, 4, 9, 8 ], "texture": "#minecart" },
				"west": { "uv": [ 0, 4, 1, 8 ], "texture": "#minecart" },
				"east": { "uv": [ 0, 4, 1, 8 ], "texture": "#minecart" }
			}
		},
		{
			"from": [ 0.25, -3, 0 ],
			"to": [ 15.75, -1, 16 ],
			"faces": {
				"west": { "uv": [ 9, 0.5, 16, 1.5 ], "texture": "#minecart" },
				"east": { "uv": [ 9, 0.5, 16, 1.5 ], "texture": "#minecart" }
			}
		},
		{
			"from": [ 2, 4, 12 ],
			"to": [ 4, 12, 14 ],
			"faces": {
				"up": { "uv": [ 2, 2, 4, 4 ], "texture": "#record_top" },
				"north": { "uv": [ 2.5, 2.5, 0, 13.5 ], "texture": "#noteblock" },
				"south": { "uv": [ 13.5, 2.5, 16, 13.5 ], "texture": "#noteblock" },
				"west": { "uv": [ 0, 2.5, 2.5, 13.5 ], "texture": "#noteblock" },
				"east": { "uv": [ 2.5, 2.5, 0, 13.5 ], "texture": "#noteblock" }
			}
		},
		{
			"from": [ 3.5, 3.5, 3.5 ],
			"to": [ 12.5, 12.5, 12.5 ],
			"faces": {
				"up": { "uv": [ 2, 2, 14, 14 ], "texture": "#record_top" },
				"north": { "uv": [ 2, 2, 14, 14 ], "texture": "#noteblock" },
				"south": { "uv": [ 2, 2, 14, 14 ], "texture": "#noteblock" },
				"west": { "uv": [ 2, 2, 14, 14 ], "texture": "#noteblock" },
				"east": { "uv": [ 2, 2, 14, 14 ], "texture": "#noteblock" }
			}
		},
		{
			"from": [ 2, 12, 2 ],
			"to": [ 3.5, 14, 14 ],
			"faces": {
				"down": { "uv": [ 0, 0, 2, 16 ], "texture": "#noteblock" },
				"up": { "uv": [ 0, 0, 2, 16 ], "texture": "#record_top" },
				"north": { "uv": [ 14, 0, 16, 2.5 ], "texture": "#noteblock" },
				"south": { "uv": [ 0, 0, 2, 2.5 ], "texture": "#noteblock" },
				"west": { "uv": [ 0, 0, 16, 2.5 ], "texture": "#noteblock" },
				"east": { "uv": [ 3, 0, 3.5, 2.5 ], "texture": "#noteblock" }
			}
		},
		{
			"from": [ 12.5, 12, 2 ],
			"to": [ 14, 14, 14 ],
			"faces": {
				"down": { "uv": [ 14, 0, 16, 16 ], "texture": "#noteblock" },
				"up": { "uv": [ 14, 0, 16, 16 ], "texture": "#record_top" },
				"north": { "uv": [ 0, 0, 2, 2.5 ], "texture": "#noteblock" },
				"south": { "uv": [ 14, 0, 16, 2.5 ], "texture": "#noteblock" },
				"west": { "uv": [ 3, 0, 3.5, 2.5 ], "texture": "#noteblock" },
				"east": { "uv": [ 0, 0, 16, 2.5 ], "texture": "#noteblock" }
			}
		},
		{
			"from": [ 12.5, 2, 2 ],
			"to": [ 14, 4, 14 ],
			"faces": {
				"up": { "uv": [ 14, 2, 16, 14 ], "texture": "#noteblock" },
				"north": { "uv": [ 0, 13.5, 2, 16 ], "texture": "#noteblock" },
				"south": { "uv": [ 14, 13.5, 16, 16 ], "texture": "#noteblock" }
			}
		},
		{
			"from": [ 2, 2, 2 ],
			"to": [ 3.5, 4, 14 ],
			"faces": {
				"up": { "uv": [ 0, 2, 2, 14 ], "texture": "#noteblock" },
				"north": { "uv": [ 14, 13.5, 16, 16 ], "texture": "#noteblock" },
				"south": { "uv": [ 0, 13.5, 2, 16 ], "texture": "#noteblock" }
			}
		},
		{
			"from": [ 12, 4, 2 ],
			"to": [ 14, 12, 4 ],
			"faces": {
				"up": { "uv": [ 0, 2, 2, 4 ], "texture": "#noteblock" },
				"north": { "uv": [ 0, 2.5, 2.5, 13.5 ], "texture": "#noteblock" },
				"south": { "uv": [ 0, 2.5, 2.5, 13.5 ], "texture": "#noteblock" },
				"west": { "uv": [ 0, 2.5, 2.5, 13.5 ], "texture": "#noteblock" },
				"east": { "uv": [ 0, 2.5, 2.5, 13.5 ], "texture": "#noteblock" }
			}
		},
		{
			"from": [ 2, 4, 2 ],
			"to": [ 4, 12, 4 ],
			"faces": {
				"up": { "uv": [ 14, 0, 16, 2 ], "texture": "#noteblock" },
				"north": { "uv": [ 13.5, 2.5, 16, 13.5 ], "texture": "#noteblock" },
				"south": { "uv": [ 0, 2.5, 2.5, 13.5 ], "texture": "#noteblock" },
				"west": { "uv": [ 0, 2.5, 2.5, 13.5 ], "texture": "#noteblock" },
				"east": { "uv": [ 16, 2.5, 13.5, 13.5 ], "texture": "#noteblock" }
			}
		},
		{
			"from": [ 12, 4, 12 ],
			"to": [ 14, 12, 14 ],
			"faces": {
				"up": { "uv": [ 2, 2, 4, 4 ], "texture": "#noteblock" },
				"north": { "uv": [ 2.5, 2.5, 0, 13.5 ], "texture": "#noteblock" },
				"south": { "uv": [ 13.5, 2.5, 16, 13.5 ], "texture": "#noteblock" },
				"west": { "uv": [ 0, 2.5, 2.5, 13.5 ], "texture": "#noteblock" },
				"east": { "uv": [ 0, 2.5, 2.5, 13.5 ], "texture": "#noteblock" }
			}
		},
		{
			"from": [ 3.5, 2, 12 ],
			"to": [ 12.5, 4, 14 ],
			"faces": {
				"up": { "uv": [ 2.5, 13.5, 13.5, 16 ], "texture": "#noteblock" },
				"south": { "uv": [ 2, 13.5, 14, 16 ], "texture": "#noteblock" }
			}
		},
		{
			"from": [ 3.5, 2, 2 ],
			"to": [ 12.5, 4, 3.5 ],
			"faces": {
				"up": { "uv": [ 2, 14, 14, 16 ], "texture": "#noteblock" },
				"north": { "uv": [ 2, 13.5, 14, 16 ], "texture": "#noteblock" }
			}
		},
		{
			"from": [ 3.5, 12, 12.5 ],
			"to": [ 12.5, 14, 14 ],
			"faces": {
				"down": { "uv": [ 2, 2, 14, 0 ], "texture": "#noteblock" },
				"up": { "uv": [ 2, 14, 14, 16 ], "texture": "#record_top" },
				"north": { "uv": [ 2.5, 0, 3, 2.5 ], "texture": "#noteblock" },
				"south": { "uv": [ 2, 0, 14, 2.5 ], "texture": "#noteblock" }
			}
		},
		{
			"from": [ 3.5, 12, 2 ],
			"to": [ 12.5, 14, 3.5 ],
			"faces": {
				"down": { "uv": [ 2, 2.5, 14, 0 ], "texture": "#noteblock" },
				"up": { "uv": [ 2, 0, 14, 2 ], "texture": "#record_top" },
				"north": { "uv": [ 2, 0, 14, 2.5 ], "texture": "#noteblock" },
				"south": { "uv": [ 2.5, 0, 13.5, 2.5 ], "texture": "#noteblock" }
			}
		},
		{
			"__comment": "speaker",
			"from": [ 5.375, 5.725, 3 ],
			"to": [ 10.625, 10.225, 13 ],
			"faces": {
				"up": { "uv": [ 5, 10.75, 11, 11 ], "texture": "#noteblock" },
				"north": { "uv": [ 4.5, 5, 11.5, 11 ], "texture": "#noteblock" },
				"south": { "uv": [ 4.5, 5, 11.5, 11 ], "texture": "#noteblock" },
				"west": { "uv": [ 11.25, 6, 11.5, 10.25 ], "texture": "#noteblock" },
				"east": { "uv": [ 11.25, 6, 11.5, 10.25 ], "texture": "#noteblock" }
			}
		},
		{
			"__comment": "speaker",
			"from": [ 3, 5.725, 5.375 ],
			"to": [ 13, 10.225, 10.625 ],
			"faces": {
				"up": { "uv": [ 5, 10.75, 11, 11 ], "texture": "#noteblock", "rotation": 270 },
				"north": { "uv": [ 11.5, 10.25, 11.25, 6 ], "texture": "#noteblock", "rotation": 180 },
				"south": { "uv": [ 11.5, 10.25, 11.25, 6 ], "texture": "#noteblock", "rotation": 180 },
				"west": { "uv": [ 11.5, 11, 4.5, 5 ], "texture": "#noteblock", "rotation": 180 },
				"east": { "uv": [ 11.5, 11, 4.5, 5 ], "texture": "#noteblock", "rotation": 180 }
			}
		}
	],
	"display": {
		"thirdperson_righthand": {
			"rotation":  [ 75, 45, 0 ],
			"translation":  [ 0, 2.5, 0 ],
			"scale":  [ 0.375, 0.375, 0.375 ]
		},
		"firstperson_righthand": {
			"rotation":  [ 0, 45, 0 ],
			"translation":  [ 0, 1, 0 ],
			"scale":  [ 0.4, 0.4, 0.4 ]
		},
		"gui": {
			"rotation":  [ 35, -45, 0 ],
			"translation":  [ 0, 1, 0 ],
			"scale":  [ 0.55, 0.55, 0.55 ]
		},
		"ground": {
			"translation":  [ 0, 3, 0 ],
			"scale":  [ 0.25, 0.25, 0.25 ]
		},
		"fixed": {
			"rotation":  [ 0, 90, 0 ],
			"scale":  [ 0.5, 0.5, 0.5 ]
		}
	}
}