{
	"__comment": "Model by HanFox",
	"textures": {
		"minecart": "items/minecart_normal",
		"frame": "railcraft:entities/carts/cart_redstone_flux_frame",
		"core": "blocks/redstone_block"
	},
	"elements": [ 	 
		{
			"__comment": "Element",
			"from": [ 0.5, -2, -1.5 ],
			"to": [ 15.5, -1, 17.5 ],
			"faces": {
				"down": { "uv": [ 0, 8, 10, 16 ], "texture": "#minecart", "rotation": 90 },
				"up": { "uv": [ 0.5, 8.5, 9.5, 15.5 ], "texture": "#minecart", "rotation": 90 },
				"north": { "uv": [ 9, 0, 9.5, 0.5 ], "texture": "#minecart" },
				"south": { "uv": [ 9, 0, 9.5, 0.5 ], "texture": "#minecart" },
				"west": { "uv": [ 9, 0, 9.5, 0.5 ], "texture": "#minecart" },
				"east": { "uv": [ 9, 0, 9.5, 0.5 ], "texture": "#minecart" }
			}
		},
		{
			"__comment": "Element",
			"from": [ 0, -1, 0 ],
			"to": [ 2, 7, 16 ],
			"faces": {
				"down": { "uv": [ 9, 0, 9.25, 0.25 ], "texture": "#minecart" },
				"up": { "uv": [ 1, 0, 1.5, 1 ], "texture": "#minecart", "rotation": 270 },
				"west": { "uv": [ 1, 4, 9, 8 ], "texture": "#minecart" },
				"east": { "uv": [ 1, 0, 9, 4 ], "texture": "#minecart" }
			}
		},
		{
			"__comment": "Element",
			"from": [ 14, -1, 0 ],
			"to": [ 16, 7, 16 ],
			"faces": {
				"down": { "uv": [ 9, 0, 9.25, 0.25 ], "texture": "#minecart" },
				"up": { "uv": [ 1, 0, 1.5, 1 ], "texture": "#minecart", "rotation": 90 },
				"west": { "uv": [ 1, 0, 9, 4 ], "texture": "#minecart" },
				"east": { "uv": [ 1, 4, 9, 8 ], "texture": "#minecart" }
			}
		},
		{
			"__comment": "Element",
			"from": [ 0, -1, -2 ],
			"to": [ 16, 7, 0 ],
			"faces": {
				"down": { "uv": [ 9, 0, 9.25, 0.25 ], "texture": "#minecart" },
				"up": { "uv": [ 1.5, 0, 2, 1 ], "texture": "#minecart" },
				"north": { "uv": [ 1, 4, 9, 8 ], "texture": "#minecart" },
				"south": { "uv": [ 1, 0, 9, 4 ], "texture": "#minecart" },
				"west": { "uv": [ 0, 4, 1, 8 ], "texture": "#minecart" },
				"east": { "uv": [ 0, 4, 1, 8 ], "texture": "#minecart" }
			}
		},
		{
			"__comment": "Element",
			"from": [ 0, -1, 16 ],
			"to": [ 16, 7, 18.5 ],
			"faces": {
				"down": { "uv": [ 9, 0, 9.25, 0.25 ], "texture": "#minecart" },
				"up": { "uv": [ 1.5, 0, 2, 1 ], "texture": "#minecart", "rotation": 180 },
				"north": { "uv": [ 1, 0, 9, 4 ], "texture": "#minecart" },
				"south": { "uv": [ 1, 4, 9, 8 ], "texture": "#minecart" },
				"west": { "uv": [ 0, 4, 1, 8 ], "texture": "#minecart" },
				"east": { "uv": [ 0, 4, 1, 8 ], "texture": "#minecart" }
			}
		},
		{
			"__comment": "Element",
			"from": [ 0.25, -3, 0 ],
			"to": [ 15.75, -1, 16 ],
			"faces": {
				"west": { "uv": [ 9, 0.5, 16, 1.5 ], "texture": "#minecart" },
				"east": { "uv": [ 9, 0.5, 16, 1.5 ], "texture": "#minecart" }
			}
		},
		{
			"__comment": "Box8",
			"from": [ 2.5, 0.5, 2.5 ],
			"to": [ 13.5, 11.5, 13.5 ],
			"faces": {
				"up": { "uv": [ 1, 1, 15, 15 ], "texture": "#core" },
				"north": { "uv": [ 1, 1, 15, 15 ], "texture": "#core" },
				"south": { "uv": [ 1, 1, 15, 15 ], "texture": "#core" },
				"west": { "uv": [ 1, 1, 15, 15 ], "texture": "#core" },
				"east": { "uv": [ 1, 1, 15, 15 ], "texture": "#core" }
			}
		},
		{
			"__comment": "corner_bit1",
			"from": [ 2, 9, 2 ],
			"to": [ 7.25, 12, 5 ],
			"faces": {
				"down": { "uv": [ 0, 10, 4, 14 ], "texture": "#frame", "rotation": 270 },
				"up": { "uv": [ 0, 0, 7, 4 ], "texture": "#frame" },
				"north": { "uv": [ 9, 0, 16, 4 ], "texture": "#frame" },
				"south": { "uv": [ 0, 0, 7, 4 ], "texture": "#frame" },
				"west": { "uv": [ 0, 0, 4, 4 ], "texture": "#frame" },
				"east": { "uv": [ 12, 0, 16, 4 ], "texture": "#frame" }
			}
		},
		{
			"__comment": "corner_bit2",
			"from": [ 2, 6.75, 2 ],
			"to": [ 5, 9, 5 ],
			"faces": {
				"down": { "uv": [ 0, 12, 4, 16 ], "texture": "#frame" },
				"north": { "uv": [ 12, 4, 16, 7 ], "texture": "#frame" },
				"south": { "uv": [ 0, 4, 4, 7 ], "texture": "#frame" },
				"west": { "uv": [ 0, 4, 4, 7 ], "texture": "#frame" },
				"east": { "uv": [ 12, 4, 16, 7 ], "texture": "#frame" }
			}
		},
		{
			"__comment": "corner_bit3",
			"from": [ 2, 9, 5 ],
			"to": [ 5, 12, 7.25 ],
			"faces": {
				"down": { "uv": [ 4, 14, 7, 16 ], "texture": "#frame", "rotation": 270 },
				"up": { "uv": [ 0, 4, 4, 7 ], "texture": "#frame" },
				"south": { "uv": [ 0, 0, 4, 4 ], "texture": "#frame" },
				"west": { "uv": [ 4, 0, 7, 4 ], "texture": "#frame" },
				"east": { "uv": [ 9, 0, 12, 4 ], "texture": "#frame" }
			}
		},
		{
			"__comment": "corner_bit1",
			"from": [ 11, 9, 2 ],
			"to": [ 14, 12, 7.25 ],
			"faces": {
				"down": { "uv": [ 0, 9, 4, 13 ], "texture": "#frame", "rotation": 180 },
				"up": { "uv": [ 12, 0, 16, 7 ], "texture": "#frame" },
				"north": { "uv": [ 0, 0, 4, 4 ], "texture": "#frame" },
				"south": { "uv": [ 12, 0, 16, 4 ], "texture": "#frame" },
				"west": { "uv": [ 0, 0, 7, 4 ], "texture": "#frame" },
				"east": { "uv": [ 9, 0, 16, 4 ], "texture": "#frame" }
			}
		},
		{
			"__comment": "corner_bit2",
			"from": [ 11, 6.75, 2 ],
			"to": [ 14, 9, 5 ],
			"faces": {
				"down": { "uv": [ 0, 12, 4, 16 ], "texture": "#frame", "rotation": 270 },
				"north": { "uv": [ 0, 4, 4, 7 ], "texture": "#frame" },
				"south": { "uv": [ 12, 4, 16, 7 ], "texture": "#frame" },
				"west": { "uv": [ 0, 4, 4, 7 ], "texture": "#frame" },
				"east": { "uv": [ 12, 4, 16, 7 ], "texture": "#frame" }
			}
		},
		{
			"__comment": "corner_bit3",
			"from": [ 8.75, 9, 2 ],
			"to": [ 11, 12, 5 ],
			"faces": {
				"down": { "uv": [ 4, 14, 7, 16 ], "texture": "#frame", "rotation": 180 },
				"up": { "uv": [ 9, 0, 12, 4 ], "texture": "#frame" },
				"north": { "uv": [ 4, 0, 7, 4 ], "texture": "#frame" },
				"south": { "uv": [ 9, 0, 12, 4 ], "texture": "#frame" },
				"west": { "uv": [ 0, 0, 4, 4 ], "texture": "#frame" }
			}
		},
		{
			"__comment": "corner_bit1",
			"from": [ 8.75, 9, 11 ],
			"to": [ 14, 12, 14 ],
			"faces": {
				"down": { "uv": [ 0, 12, 5, 16 ], "texture": "#frame", "rotation": 180 },
				"up": { "uv": [ 9, 12, 16, 16 ], "texture": "#frame" },
				"north": { "uv": [ 0, 0, 7, 4 ], "texture": "#frame" },
				"south": { "uv": [ 9, 0, 16, 4 ], "texture": "#frame" },
				"west": { "uv": [ 12, 0, 16, 4 ], "texture": "#frame" },
				"east": { "uv": [ 0, 0, 4, 4 ], "texture": "#frame" }
			}
		},
		{
			"__comment": "corner_bit2",
			"from": [ 11, 6.75, 11 ],
			"to": [ 14, 9, 14 ],
			"faces": {
				"down": { "uv": [ 0, 12, 4, 16 ], "texture": "#frame", "rotation": 180 },
				"north": { "uv": [ 0, 4, 4, 7 ], "texture": "#frame" },
				"south": { "uv": [ 12, 4, 16, 7 ], "texture": "#frame" },
				"west": { "uv": [ 12, 4, 16, 7 ], "texture": "#frame" },
				"east": { "uv": [ 0, 4, 4, 7 ], "texture": "#frame" }
			}
		},
		{
			"__comment": "corner_bit3",
			"from": [ 11, 9, 8.75 ],
			"to": [ 14, 12, 11 ],
			"faces": {
				"down": { "uv": [ 4, 14, 7, 16 ], "texture": "#frame", "rotation": 90 },
				"up": { "uv": [ 12, 9, 16, 12 ], "texture": "#frame" },
				"north": { "uv": [ 0, 0, 4, 4 ], "texture": "#frame" },
				"west": { "uv": [ 9, 0, 12, 4 ], "texture": "#frame" },
				"east": { "uv": [ 4, 0, 7, 4 ], "texture": "#frame" }
			}
		},
		{
			"__comment": "corner_bit1",
			"from": [ 2, 9, 8.75 ],
			"to": [ 5, 12, 14 ],
			"faces": {
				"down": { "uv": [ 0, 12, 5, 16 ], "texture": "#frame", "rotation": 90 },
				"up": { "uv": [ 0, 9, 4, 16 ], "texture": "#frame" },
				"north": { "uv": [ 12, 0, 16, 4 ], "texture": "#frame" },
				"south": { "uv": [ 0, 0, 4, 4 ], "texture": "#frame" },
				"west": { "uv": [ 9, 0, 16, 4 ], "texture": "#frame" },
				"east": { "uv": [ 0, 0, 7, 4 ], "texture": "#frame" }
			}
		},
		{
			"__comment": "corner_bit2",
			"from": [ 2, 6.75, 11 ],
			"to": [ 5, 9, 14 ],
			"faces": {
				"down": { "uv": [ 0, 12, 4, 16 ], "texture": "#frame", "rotation": 90 },
				"north": { "uv": [ 12, 4, 16, 7 ], "texture": "#frame" },
				"south": { "uv": [ 0, 4, 4, 7 ], "texture": "#frame" },
				"west": { "uv": [ 12, 4, 16, 7 ], "texture": "#frame" },
				"east": { "uv": [ 0, 4, 4, 7 ], "texture": "#frame" }
			}
		},
		{
			"__comment": "corner_bit3",
			"from": [ 5, 9, 11 ],
			"to": [ 7.25, 12, 14 ],
			"faces": {
				"down": { "uv": [ 4, 14, 7, 16 ], "texture": "#frame" },
				"up": { "uv": [ 4, 12, 7, 16 ], "texture": "#frame" },
				"north": { "uv": [ 9, 0, 12, 4 ], "texture": "#frame" },
				"south": { "uv": [ 4, 0, 7, 4 ], "texture": "#frame" },
				"east": { "uv": [ 0, 0, 4, 4 ], "texture": "#frame" }
			}
		},
		{
			"__comment": "corner_bit1",
			"from": [ 8.75, 0, 2 ],
			"to": [ 14, 3, 5 ],
			"faces": {
				"up": { "uv": [ 4, 14, 0, 10 ], "texture": "#frame", "rotation": 270 },
				"north": { "uv": [ 9, 0, 16, 4 ], "texture": "#frame", "rotation": 180 },
				"south": { "uv": [ 0, 0, 7, 4 ], "texture": "#frame", "rotation": 180 },
				"west": { "uv": [ 12, 0, 16, 4 ], "texture": "#frame", "rotation": 180 },
				"east": { "uv": [ 0, 0, 4, 4 ], "texture": "#frame", "rotation": 180 }
			}
		},
		{
			"__comment": "corner_bit2",
			"from": [ 11, 3, 2 ],
			"to": [ 14, 5.25, 5 ],
			"faces": {
				"up": { "uv": [ 4, 16, 0, 12 ], "texture": "#frame" },
				"north": { "uv": [ 12, 4, 16, 7 ], "texture": "#frame", "rotation": 180 },
				"south": { "uv": [ 0, 4, 4, 7 ], "texture": "#frame", "rotation": 180 },
				"west": { "uv": [ 12, 4, 16, 7 ], "texture": "#frame", "rotation": 180 },
				"east": { "uv": [ 0, 4, 4, 7 ], "texture": "#frame", "rotation": 180 }
			}
		},
		{
			"__comment": "corner_bit3",
			"from": [ 11, 0, 5 ],
			"to": [ 14, 3, 7.25 ],
			"faces": {
				"up": { "uv": [ 7, 16, 4, 14 ], "texture": "#frame", "rotation": 270 },
				"south": { "uv": [ 0, 0, 4, 4 ], "texture": "#frame", "rotation": 180 },
				"west": { "uv": [ 9, 0, 12, 4 ], "texture": "#frame", "rotation": 180 },
				"east": { "uv": [ 4, 0, 7, 4 ], "texture": "#frame", "rotation": 180 }
			}
		},
		{
			"__comment": "corner_bit1",
			"from": [ 2, 0, 2 ],
			"to": [ 5, 3, 7.25 ],
			"faces": {
				"up": { "uv": [ 4, 13, 0, 9 ], "texture": "#frame", "rotation": 180 },
				"north": { "uv": [ 0, 0, 4, 4 ], "texture": "#frame", "rotation": 180 },
				"south": { "uv": [ 12, 0, 16, 4 ], "texture": "#frame", "rotation": 180 },
				"west": { "uv": [ 9, 0, 16, 4 ], "texture": "#frame", "rotation": 180 },
				"east": { "uv": [ 0, 0, 7, 4 ], "texture": "#frame", "rotation": 180 }
			}
		},
		{
			"__comment": "corner_bit2",
			"from": [ 2, 3, 2 ],
			"to": [ 5, 5.25, 5 ],
			"faces": {
				"up": { "uv": [ 4, 16, 0, 12 ], "texture": "#frame", "rotation": 270 },
				"north": { "uv": [ 0, 4, 4, 7 ], "texture": "#frame", "rotation": 180 },
				"south": { "uv": [ 12, 4, 16, 7 ], "texture": "#frame", "rotation": 180 },
				"west": { "uv": [ 12, 4, 16, 7 ], "texture": "#frame", "rotation": 180 },
				"east": { "uv": [ 0, 4, 4, 7 ], "texture": "#frame", "rotation": 180 }
			}
		},
		{
			"__comment": "corner_bit3",
			"from": [ 5, 0, 2 ],
			"to": [ 7.25, 3, 5 ],
			"faces": {
				"up": { "uv": [ 7, 16, 4, 14 ], "texture": "#frame", "rotation": 180 },
				"north": { "uv": [ 4, 0, 7, 4 ], "texture": "#frame", "rotation": 180 },
				"south": { "uv": [ 9, 0, 12, 4 ], "texture": "#frame", "rotation": 180 },
				"east": { "uv": [ 0, 0, 4, 4 ], "texture": "#frame", "rotation": 180 }
			}
		},
		{
			"__comment": "corner_bit1",
			"from": [ 2, 0, 11 ],
			"to": [ 7.25, 3, 14 ],
			"faces": {
				"up": { "uv": [ 5, 16, 0, 12 ], "texture": "#frame", "rotation": 180 },
				"north": { "uv": [ 0, 0, 7, 4 ], "texture": "#frame", "rotation": 180 },
				"south": { "uv": [ 9, 0, 16, 4 ], "texture": "#frame", "rotation": 180 },
				"west": { "uv": [ 0, 0, 4, 4 ], "texture": "#frame", "rotation": 180 },
				"east": { "uv": [ 12, 0, 16, 4 ], "texture": "#frame", "rotation": 180 }
			}
		},
		{
			"__comment": "corner_bit2",
			"from": [ 2, 3, 11 ],
			"to": [ 5, 5.25, 14 ],
			"faces": {
				"up": { "uv": [ 4, 16, 0, 12 ], "texture": "#frame", "rotation": 180 },
				"north": { "uv": [ 0, 4, 4, 7 ], "texture": "#frame", "rotation": 180 },
				"south": { "uv": [ 12, 4, 16, 7 ], "texture": "#frame", "rotation": 180 },
				"west": { "uv": [ 0, 4, 4, 7 ], "texture": "#frame", "rotation": 180 },
				"east": { "uv": [ 12, 4, 16, 7 ], "texture": "#frame", "rotation": 180 }
			}
		},
		{
			"__comment": "corner_bit3",
			"from": [ 2, 0, 8.75 ],
			"to": [ 5, 3, 11 ],
			"faces": {
				"up": { "uv": [ 7, 16, 4, 14 ], "texture": "#frame", "rotation": 90 },
				"north": { "uv": [ 0, 0, 4, 4 ], "texture": "#frame", "rotation": 180 },
				"west": { "uv": [ 4, 0, 7, 4 ], "texture": "#frame", "rotation": 180 },
				"east": { "uv": [ 9, 0, 12, 4 ], "texture": "#frame", "rotation": 180 }
			}
		},
		{
			"__comment": "corner_bit1",
			"from": [ 11, 0, 8.75 ],
			"to": [ 14, 3, 14 ],
			"faces": {
				"up": { "uv": [ 5, 16, 0, 12 ], "texture": "#frame", "rotation": 90 },
				"north": { "uv": [ 12, 0, 16, 4 ], "texture": "#frame", "rotation": 180 },
				"south": { "uv": [ 0, 0, 4, 4 ], "texture": "#frame", "rotation": 180 },
				"west": { "uv": [ 0, 0, 7, 4 ], "texture": "#frame", "rotation": 180 },
				"east": { "uv": [ 9, 0, 16, 4 ], "texture": "#frame", "rotation": 180 }
			}
		},
		{
			"__comment": "corner_bit2",
			"from": [ 11, 3, 11 ],
			"to": [ 14, 5.25, 14 ],
			"faces": {
				"up": { "uv": [ 4, 16, 0, 12 ], "texture": "#frame", "rotation": 90 },
				"north": { "uv": [ 12, 4, 16, 7 ], "texture": "#frame", "rotation": 180 },
				"south": { "uv": [ 0, 4, 4, 7 ], "texture": "#frame", "rotation": 180 },
				"west": { "uv": [ 0, 4, 4, 7 ], "texture": "#frame", "rotation": 180 },
				"east": { "uv": [ 12, 4, 16, 7 ], "texture": "#frame", "rotation": 180 }
			}
		},
		{
			"__comment": "corner_bit3",
			"from": [ 8.75, 0, 11 ],
			"to": [ 11, 3, 14 ],
			"faces": {
				"up": { "uv": [ 7, 16, 4, 14 ], "texture": "#frame" },
				"north": { "uv": [ 9, 0, 12, 4 ], "texture": "#frame", "rotation": 180 },
				"south": { "uv": [ 4, 0, 7, 4 ], "texture": "#frame", "rotation": 180 },
				"west": { "uv": [ 0, 0, 4, 4 ], "texture": "#frame", "rotation": 180 }
			}
		}
	],
	"display": {
		"thirdperson_righthand": {
			"rotation":  [ 75, -135, 0 ],
			"translation":  [ 0, 2.5, 0 ],
			"scale":  [ 0.375, 0.375, 0.375 ]
		},
		"firstperson_righthand": {
			"rotation":  [ 0, -135, 0 ],
			"translation":  [ 0, 1, 0 ],
			"scale":  [ 0.4, 0.4, 0.4 ]
		},
		"gui": {
			"rotation":  [ 35, -45, 0 ],
			"translation":  [ 0, 1, 0 ],
			"scale":  [ 0.55, 0.55, 0.55 ]
		},
		"ground": {
			"translation":  [ 0, 3, 0 ],
			"scale":  [ 0.25, 0.25, 0.25 ]
		},
		"fixed": {
			"rotation":  [ 0, 90, 0 ],
			"scale":  [ 0.5, 0.5, 0.5 ]
		}
	}
}