{
  "forge_marker": 1,
  "defaults": {
    "model": "cube_column",
    "textures": {
      "end": "railcraft:blocks/_bdc/worldspike_standard_on",
      "side": "railcraft:blocks/_bdc/worldspike_standard_side"
    }
  },
  "variants": {
    "normal": [{}],
    "inventory": [{"transform": "forge:default-block"}],
    "enabled": {
      "true": {
        "textures": {
          "end": "railcraft:blocks/_bdc/worldspike_standard_on"
        }
      },
      "false": {
        "textures": {
          "end": "railcraft:blocks/_bdc/worldspike_standard_off"
        }
      }
    }
  }
}