{
	"__comment": "Designed by Eskimojo14 with Cubik Studio - https://cubik.studio",
	"ambientocclusion": false,
	"textures": {
		"particle": "tconstruct:blocks/hopper_bottom",
		"top": "tconstruct:blocks/hopper_top",
		"inside": "tconstruct:blocks/hopper_inside",
		"side": "tconstruct:blocks/hopper_outside",
		"bottom": "tconstruct:blocks/hopper_bottom"
	},
	"elements": [
		{
			"from": [ 0, 11, 0 ],
			"to": [ 16, 12, 16 ],
			"faces": {
				"up": { "uv": [ 0, 0, 16, 16 ], "texture": "#inside" }
			}
		},
		{
			"from": [ 0, 11, 0 ],
			"to": [ 2, 16, 16 ],
			"faces": {
				"down": { "uv": [ 0, 0, 2, 16 ], "texture": "#bottom" },
				"up": { "uv": [ 0, 0, 2, 16 ], "texture": "#top" },
				"north": { "uv": [ 14, 0, 16, 5 ], "texture": "#side" },
				"south": { "uv": [ 0, 0, 2, 5 ], "texture": "#side" },
				"west": { "uv": [ 0, 0, 16, 5 ], "texture": "#side" },
				"east": { "uv": [ 0, 0, 16, 5 ], "texture": "#side" }
			}
		},
		{
			"from": [ 14, 11, 0 ],
			"to": [ 16, 16, 16 ],
			"faces": {
				"down": { "uv": [ 14, 0, 16, 16 ], "texture": "#bottom" },
				"up": { "uv": [ 14, 0, 16, 16 ], "texture": "#top" },
				"north": { "uv": [ 0, 0, 2, 5 ], "texture": "#side" },
				"south": { "uv": [ 14, 0, 16, 5 ], "texture": "#side" },
				"west": { "uv": [ 0, 0, 16, 5 ], "texture": "#side" },
				"east": { "uv": [ 0, 0, 16, 5 ], "texture": "#side" }
			}
		},
		{
			"from": [ 2, 11, 0 ],
			"to": [ 14, 16, 2 ],
			"faces": {
				"down": { "uv": [ 2, 14, 14, 16 ], "texture": "#bottom" },
				"up": { "uv": [ 2, 0, 14, 2 ], "texture": "#top" },
				"north": { "uv": [ 2, 0, 14, 5 ], "texture": "#side" },
				"south": { "uv": [ 2, 0, 14, 5 ], "texture": "#side" },
				"west": { "uv": [ 0, 0, 2, 5 ], "texture": "#side" },
				"east": { "uv": [ 14, 0, 16, 5 ], "texture": "#side" }
			}
		},
		{
			"from": [ 2, 11, 14 ],
			"to": [ 14, 16, 16 ],
			"faces": {
				"down": { "uv": [ 2, 0, 14, 2 ], "texture": "#bottom" },
				"up": { "uv": [ 2, 14, 14, 16 ], "texture": "#top" },
				"north": { "uv": [ 2, 0, 14, 5 ], "texture": "#side" },
				"south": { "uv": [ 2, 0, 14, 5 ], "texture": "#side" },
				"west": { "uv": [ 14, 0, 16, 5 ], "texture": "#side" },
				"east": { "uv": [ 0, 0, 2, 5 ], "texture": "#side" }
			}
		},
		{
			"from": [ 4, 4, 4 ],
			"to": [ 12, 10, 12 ],
			"faces": {
				"down": { "uv": [ 4, 4, 12, 12 ], "texture": "#bottom" },
				"north": { "uv": [ 4, 6, 12, 12 ], "texture": "#side" },
				"south": { "uv": [ 4, 6, 12, 12 ], "texture": "#side" },
				"west": { "uv": [ 4, 6, 12, 12 ], "texture": "#side" },
				"east": { "uv": [ 4, 6, 12, 12 ], "texture": "#side" }
			}
		},
		{
			"from": [ 6, 4, 0 ],
			"to": [ 10, 8, 4 ],
			"faces": {
				"down": { "uv": [ 0, 7, 4, 11 ], "texture": "#side" },
				"up": { "uv": [ 12, 7, 16, 11 ], "texture": "#side" },
				"north": { "uv": [ 6, 12, 10, 16 ], "texture": "#side" },
				"west": { "uv": [ 10, 12, 14, 16 ], "texture": "#side" },
				"east": { "uv": [ 2, 12, 6, 16 ], "texture": "#side" }
			}
		},
		{
			"from": [ 0, 10, 0 ],
			"to": [ 16, 11, 16 ],
			"faces": {
				"down": { "uv": [ 0, 0, 16, 16 ], "texture": "#bottom" },
				"north": { "uv": [ 0, 5, 16, 6 ], "texture": "#side" },
				"south": { "uv": [ 0, 5, 16, 6 ], "texture": "#side" },
				"west": { "uv": [ 0, 5, 16, 6 ], "texture": "#side" },
				"east": { "uv": [ 0, 5, 16, 6 ], "texture": "#side" }
			}
		}
	]
}